,salb_Phosphate,ecol_Phosphate-1,ecol_Phosphate-2,sen_phoB
phoB,0.002217854331962,0.4417282814235531,0.0120018928570563,0.198175579
phoU,0.0853794618844173,0.1893045993360937,0.0351293197125213,0.207449061
pstA,0.1497327523502142,0.2603572911193988,0.0420053102856744,0.284131949
pstC,0.1469366167752905,0.2773588957661102,0.0439698714301446,0.303735026
pstS,0.1583352390646874,0.3990584127813249,0.0244044916252833,0.378166374
pstB,0.1570206759785566,0.2091507041698833,0.0364639480304572,0.243834538
phnD,0.0,0.0360682489870367,0.2456240295311204,0.0
phnC,0.0,0.0422372637728106,0.2498707291342592,0.0
b4583,0.0,0.0062129013022103,0.2174220455990721,0.0
